{"model": "RMSprop", "accuracy": 0.6666666666666666, "f1_score": 0.6666666666666666, "precision": 0.6666666666666666, "recall": 0.6666666666666666, "mse": 0.3333333333333333, "mae": 0.3333333333333333, "log_loss": 12.014551129705717}